{
    "NUM_COMBINATIONS_TO_GENERATE": 9,
    "TOP_N_RED_FOR_CANDIDATE": 26,
    "TOP_N_BLUE_FOR_CANDIDATE": 11,
    "FREQ_SCORE_WEIGHT": 22.77453446683722,
    "OMISSION_SCORE_WEIGHT": 7.349379207041819,
    "MAX_OMISSION_RATIO_SCORE_WEIGHT_RED": 5.654953025581209,
    "RECENT_FREQ_SCORE_WEIGHT_RED": 18.34611922463147,
    "BLUE_FREQ_SCORE_WEIGHT": 8.587964471129965,
    "BLUE_OMISSION_SCORE_WEIGHT": 6.62385778162903,
    "ML_PROB_SCORE_WEIGHT_RED": 19.344668673960342,
    "ML_PROB_SCORE_WEIGHT_BLUE": 17.213254158313724,
    "COMBINATION_ODD_COUNT_MATCH_BONUS": 19.1733098107489,
    "COMBINATION_BLUE_ODD_MATCH_BONUS": 8.984912888758037,
    "COMBINATION_ZONE_MATCH_BONUS": 15.845420466893351,
    "COMBINATION_BLUE_SIZE_MATCH_BONUS": 9.440916082537134,
    "ARM_MIN_SUPPORT": 0.01819159805497392,
    "ARM_MIN_CONFIDENCE": 0.2981888125291823,
    "ARM_MIN_LIFT": 1.4676044237607637,
    "ARM_COMBINATION_BONUS_WEIGHT": 1.8592619599270876,
    "ARM_BONUS_LIFT_FACTOR": 0.4266396131489204,
    "ARM_BONUS_CONF_FACTOR": 0.12589846438160923,
    "CANDIDATE_POOL_PROPORTIONS_HIGH": 0.25596010600811664,
    "CANDIDATE_POOL_PROPORTIONS_MEDIUM": 0.3767627876990225,
    "CANDIDATE_POOL_MIN_PER_SEGMENT": 3,
    "DIVERSITY_MIN_DIFFERENT_REDS": 3,
    "DIVERSITY_SELECTION_MAX_ATTEMPTS": 16
}