{
    "NUM_COMBINATIONS_TO_GENERATE": 10,
    "TOP_N_RED_FOR_CANDIDATE": 28,
    "TOP_N_BLUE_FOR_CANDIDATE": 12,
    "FREQ_SCORE_WEIGHT": 27.024785062438102,
    "OMISSION_SCORE_WEIGHT": 14.084935505167246,
    "MAX_OMISSION_RATIO_SCORE_WEIGHT_RED": 4.086474340433092,
    "RECENT_FREQ_SCORE_WEIGHT_RED": 0.017910698010705994,
    "BLUE_FREQ_SCORE_WEIGHT": 19.684092724888544,
    "BLUE_OMISSION_SCORE_WEIGHT": 13.435793949889023,
    "ML_PROB_SCORE_WEIGHT_RED": 14.299746895648726,
    "ML_PROB_SCORE_WEIGHT_BLUE": 17.003492129852237,
    "COMBINATION_ODD_COUNT_MATCH_BONUS": 8.183437084471517,
    "COMBINATION_BLUE_ODD_MATCH_BONUS": 10.999848269308915,
    "COMBINATION_ZONE_MATCH_BONUS": 4.7478681259380515,
    "COMBINATION_BLUE_SIZE_MATCH_BONUS": 3.0698776805830272,
    "ARM_MIN_SUPPORT": 0.016258329316530366,
    "ARM_MIN_CONFIDENCE": 0.2656363925210472,
    "ARM_MIN_LIFT": 1.6375524442933602,
    "ARM_COMBINATION_BONUS_WEIGHT": 22.316796054185374,
    "ARM_BONUS_LIFT_FACTOR": 0.261886485864388,
    "ARM_BONUS_CONF_FACTOR": 0.1054619646590557,
    "CANDIDATE_POOL_PROPORTIONS_HIGH": 0.6452435103107053,
    "CANDIDATE_POOL_PROPORTIONS_MEDIUM": 0.3547564896892949,
    "CANDIDATE_POOL_MIN_PER_SEGMENT": 4,
    "DIVERSITY_MIN_DIFFERENT_REDS": 5,
    "DIVERSITY_SELECTION_MAX_ATTEMPTS": 25,
    "DIVERSITY_SUM_DIFF_THRESHOLD": 22,
    "DIVERSITY_ODDEVEN_DIFF_MIN_COUNT": 0,
    "DIVERSITY_ZONE_DIST_MIN_DIFF_ZONES": 3,
    "OPTUNA_PRIZE_6_WEIGHT": 0.37112675599449463,
    "OPTUNA_PRIZE_5_WEIGHT": 0.43403131770564496,
    "OPTUNA_PRIZE_4_WEIGHT": 1.54766622709981,
    "OPTUNA_PRIZE_3_WEIGHT": 3.4861472351240907,
    "OPTUNA_PRIZE_2_WEIGHT": 9.11996613618725,
    "OPTUNA_PRIZE_1_WEIGHT": 10.087841520324483,
    "OPTUNA_BLUE_HIT_RATE_WEIGHT": 18.094668651909604,
    "OPTUNA_RED_HITS_WEIGHT": 4.990380199012646
}
