{
    "NUM_COMBINATIONS_TO_GENERATE": 50,
    "TOP_N_RED_FOR_CANDIDATE": 25,
    "TOP_N_BLUE_FOR_CANDIDATE": 6,
    "FREQ_SCORE_WEIGHT": 28.197520687649018,
    "OMISSION_SCORE_WEIGHT": 19.921472269044816,
    "MAX_OMISSION_RATIO_SCORE_WEIGHT_RED": 16.12954047214241,
    "RECENT_FREQ_SCORE_WEIGHT_RED": 15.715308330585643,
    "BLUE_FREQ_SCORE_WEIGHT": 27.118386620241356,
    "BLUE_OMISSION_SCORE_WEIGHT": 23.26265748552559,
    "ML_PROB_SCORE_WEIGHT_RED": 22.436169671219027,
    "ML_PROB_SCORE_WEIGHT_BLUE": 43.482327750295646,
    "COMBINATION_ODD_COUNT_MATCH_BONUS": 13.109888975618176,
    "COMBINATION_BLUE_ODD_MATCH_BONUS": 0.4067497538015421,
    "COMBINATION_ZONE_MATCH_BONUS": 13.12950989135466,
    "COMBINATION_BLUE_SIZE_MATCH_BONUS": 0.8423884139273398,
    "ARM_MIN_SUPPORT": 0.007991811800999898,
    "ARM_MIN_CONFIDENCE": 0.5339928786969509,
    "ARM_MIN_LIFT": 1.535551889708619,
    "ARM_COMBINATION_BONUS_WEIGHT": 18.869411300030187,
    "ARM_BONUS_LIFT_FACTOR": 0.48241932047169805,
    "ARM_BONUS_CONF_FACTOR": 0.2541731974542171,
    "CANDIDATE_POOL_PROPORTIONS_HIGH": 0.2861912775288771,
    "CANDIDATE_POOL_PROPORTIONS_MEDIUM": 0.3495060867169535,
    "CANDIDATE_POOL_MIN_PER_SEGMENT": 5,
    "DIVERSITY_MIN_DIFFERENT_REDS": 5,
    "DIVERSITY_SELECTION_MAX_ATTEMPTS": 41,
    "DIVERSITY_SUM_DIFF_THRESHOLD": 11,
    "DIVERSITY_ODDEVEN_DIFF_MIN_COUNT": 0,
    "DIVERSITY_ZONE_DIST_MIN_DIFF_ZONES": 2,
    "REVERSE_THINKING_ITERATIONS": 1,
    "REVERSE_THINKING_RED_BALLS_TO_REMOVE_PER_ITER": 7,
    "OPTUNA_PRIZE_6_WEIGHT": 0.2552948144407006,
    "OPTUNA_PRIZE_5_WEIGHT": 0.20510046279748595,
    "OPTUNA_PRIZE_4_WEIGHT": 1.6939633859547756,
    "OPTUNA_PRIZE_3_WEIGHT": 4.024811315517698,
    "OPTUNA_PRIZE_2_WEIGHT": 9.9443387501373,
    "OPTUNA_PRIZE_1_WEIGHT": 16.48183806137101,
    "OPTUNA_BLUE_HIT_RATE_WEIGHT": 19.672846366098746,
    "OPTUNA_RED_HITS_WEIGHT": 4.848073778567383
}
